INSERT INTO `users` VALUES ('owen', '81dc9bdb52d04dc20036dbd8313ed055', 1);
INSERT INTO `users` VALUES ('user', '81dc9bdb52d04dc20036dbd8313ed055', 1);
INSERT INTO `users` VALUES ('ridge.xie', '81dc9bdb52d04dc20036dbd8313ed055', 1);
INSERT INTO `users` VALUES ('denise.yu', '81dc9bdb52d04dc20036dbd8313ed055', 1);
INSERT INTO `users` VALUES ('qin.jessie', '81dc9bdb52d04dc20036dbd8313ed055', 1);
INSERT INTO `authorities` VALUES (1, 'user', 'ROLE_HR',1);
INSERT INTO `authorities` VALUES (2, 'owen', 'ROLE_HR',1);
INSERT INTO `authorities` VALUES (3, 'owen', 'ROLE_HRM',1);
INSERT INTO `authorities` VALUES (4, 'ridge.xie', 'ROLE_HR',1);
INSERT INTO `authorities` VALUES (5, 'ridge.xie', 'ROLE_HRM',1);
INSERT INTO `authorities` VALUES (6, 'denise.yu', 'ROLE_HR',1);
INSERT INTO `authorities` VALUES (7, 'denise.yu', 'ROLE_HRM',1);
INSERT INTO `authorities` VALUES (8, 'qin.jessie', 'ROLE_HR',1);
INSERT INTO `authorities` VALUES (9, 'qin.jessie', 'ROLE_HRM',1);

INSERT INTO `config` (`id`,`opt`,`email_subject_template`,`email_context_template`,`email_status_template`) VALUES (1,NULL,'Campus Talk Invitation from PwC SDC Shanghai- 6/8/2016 (Wednesday) 14:45 p.m.','<p style=\"color: #222222; font-family: arial, sans-serif; font-size: 12.8px;\"><span style=\"font-size: 12.8px;\">Dear&nbsp;@checked,</span><br style=\"font-size: 12.8px;\" /><br style=\"font-size: 12.8px;\" /><span style=\"font-size: 12.8px; font-family: sans-serif;\">Thank you for your interest in PwC.</span><span style=\"font-size: 12.8px;\">&nbsp;</span><br style=\"font-size: 12.8px;\" /><span style=\"font-family: sans-serif; font-size: small;\"><span style=\"font-size: 12.8px;\">We would like&nbsp;</span><span style=\"font-size: 12.8px;\">to</span><span style=\"font-size: 12.8px;\">&nbsp;invite you&nbsp;</span><span style=\"font-size: 12.8px;\">to</span><span style=\"font-size: 12.8px;\">&nbsp;attend the Group&nbsp;</span>interview &amp;<span style=\"font-size: 12.8px;\">&nbsp;</span><span style=\"font-size: 12.8px;\">Face</span><span style=\"font-size: 12.8px;\">-</span><span style=\"font-size: 12.8px;\">to</span><span style=\"font-size: 12.8px;\">-</span><span style=\"font-size: 12.8px;\">face</span><span style=\"font-size: 12.8px;\">&nbsp;</span><span style=\"font-size: 12.8px;\">Interview</span><span style=\"font-size: 12.8px;\">&nbsp;for the position of</span><strong style=\"font-size: 12.8px;\">&nbsp; Summer Intern</strong></span><span style=\"font-size: 12.8px; font-family: sans-serif;\">&nbsp;in Shanghai office. Below are the details for the&nbsp;interview:</span><span style=\"font-size: 12.8px;\">&nbsp;</span></p>','STATUS_ALL');
INSERT INTO `config` (`id`,`opt`,`email_subject_template`,`email_context_template`,`email_status_template`) VALUES (2,NULL,'Paper Test Invitation from PwC SDC Shanghai- 6/8/2016 (Wednesday) 14:45 p.m.','<p><span style=\"font-size: 12.8px;\">Dear @checked,</span><br style=\"font-size: 12.8px;\" /><br style=\"font-size: 12.8px;\" /><span style=\"font-size: 12.8px; font-family: sans-serif;\">Thank you for your interest in PwC.</span><span style=\"font-size: 12.8px;\">&nbsp;</span><br style=\"font-size: 12.8px;\" /><span style=\"color: #222222; font-family: sans-serif; font-size: 12.8px;\"><span style=\"font-size: 12.8px;\">We would like&nbsp;</span><span style=\"font-size: 12.8px;\">to</span><span style=\"font-size: 12.8px;\">&nbsp;invite you&nbsp;</span><span style=\"font-size: 12.8px;\">to&nbsp;</span>the &nbsp;Group </span><span style=\"color: #222222; font-family: sans-serif; font-size: small;\">interview&nbsp;</span><span style=\"color: #222222; font-family: sans-serif; font-size: xx-small;\">for the position of</span><strong style=\"font-size: 12.8px;\">&nbsp; Summer Intern</strong><span style=\"font-size: 12.8px; font-family: sans-serif;\">&nbsp;in Shanghai office. Below are the details for the&nbsp;interview:</span><span style=\"font-size: 12.8px;\">&nbsp;</span></p>','STATUS_Q0');
INSERT INTO `config` (`id`,`opt`,`email_subject_template`,`email_context_template`,`email_status_template`) VALUES (3,NULL,'Group Invitation from PwC SDC Shanghai- 6/8/2016 (Wednesday) 14:45 p.m.','<p><span style=\"font-size: 12.8px;\">Dear @checked,</span><br style=\"font-size: 12.8px;\" /><br style=\"font-size: 12.8px;\" /><span style=\"font-size: 12.8px; font-family: sans-serif;\">Thank you for your interest in PwC.</span><span style=\"font-size: 12.8px;\">&nbsp;</span><br style=\"font-size: 12.8px;\" /><span style=\"color: #222222; font-family: sans-serif; font-size: 12.8px;\"><span style=\"font-size: 12.8px;\">We would like&nbsp;</span><span style=\"font-size: 12.8px;\">to</span><span style=\"font-size: 12.8px;\">&nbsp;invite you&nbsp;</span><span style=\"font-size: 12.8px;\">to&nbsp;</span>the &nbsp;Group </span><span style=\"color: #222222; font-family: sans-serif; font-size: small;\">interview&nbsp;</span><span style=\"color: #222222; font-family: sans-serif; font-size: xx-small;\">for the position of</span><strong style=\"font-size: 12.8px;\">&nbsp; Summer Intern</strong><span style=\"font-size: 12.8px; font-family: sans-serif;\">&nbsp;in Shanghai office. Below are the details for the&nbsp;interview:</span><span style=\"font-size: 12.8px;\">&nbsp;</span></p>','STATUS_Q1');
INSERT INTO `config` (`id`,`opt`,`email_subject_template`,`email_context_template`,`email_status_template`) VALUES (4,NULL,'Final Interview Invitation from PwC SDC Shanghai- 6/8/2016 (Wednesday) 14:45 p.m.','<p style=\"color: #222222; font-family: arial, sans-serif; font-size: 12.8px;\"><span style=\"font-size: 12.8px;\">Dear @checked,</span><br style=\"font-size: 12.8px;\" /><br style=\"font-size: 12.8px;\" /><span style=\"font-size: 12.8px; font-family: sans-serif;\">Thank you for your interest in PwC.</span><span style=\"font-size: 12.8px;\">&nbsp;</span><br style=\"font-size: 12.8px;\" /><span style=\"font-family: sans-serif; font-size: small;\"><span style=\"font-size: 12.8px;\">We would like&nbsp;</span><span style=\"font-size: 12.8px;\">to</span><span style=\"font-size: 12.8px;\">&nbsp;invite you&nbsp;</span><span style=\"font-size: 12.8px;\">to</span><span style=\"font-size: 12.8px;\">&nbsp;attend the</span><span style=\"font-size: 12.8px;\">&nbsp;</span><span style=\"font-size: 12.8px;\">Face</span><span style=\"font-size: 12.8px;\">-</span><span style=\"font-size: 12.8px;\">to</span><span style=\"font-size: 12.8px;\">-</span><span style=\"font-size: 12.8px;\">face</span><span style=\"font-size: 12.8px;\">&nbsp;</span><span style=\"font-size: 12.8px;\">Interview</span><span style=\"font-size: 12.8px;\">&nbsp;for the position of</span><strong style=\"font-size: 12.8px;\">&nbsp; Summer Intern</strong></span><span style=\"font-size: 12.8px; font-family: sans-serif;\">&nbsp;in Shanghai office. Below are the details for the&nbsp;interview:</span><span style=\"font-size: 12.8px;\">&nbsp;</span></p>','STATUS_Q2');
INSERT INTO `config` (`id`,`opt`,`email_subject_template`,`email_context_template`,`email_status_template`) VALUES (5,NULL,'Invitation from PwC SDC- FY17 PwC SDC Interns Wechat Group','<p style=\"font-family: arial, sans-serif; font-size: 17.5px; color: #222222;\">Dear&nbsp;@checked,</p>','STATUS_Q3');
INSERT INTO `config` (`id`,`opt`,`email_subject_template`,`email_context_template`,`email_status_template`) VALUES (6,NULL,'Intern Oritation Invitation from PwC SDC Shanghai- 6/8/2016 (Wednesday) 14:45 p.m.','<div style=\"color: #222222; font-family: arial, sans-serif; font-size: 12.8px;\">Dear @checked,</div>','STATUS_Q4');
INSERT INTO `config` (`id`,`opt`,`email_subject_template`,`email_context_template`,`email_status_template`) VALUES (7,NULL,'dww','dwwww','STATUS_Q5');
INSERT INTO `config` (`id`,`opt`,`email_subject_template`,`email_context_template`,`email_status_template`) VALUES (8,NULL,' Application Update from PwC SDC Shanghai','<div><!--block-->Dear @checked <br><br>Thank you for your interest in exploring a career opportunity with PwC SDC, Shanghai. We appreciate the time you have devoted to our recruitment process.<br><br>Unfortunately, at this time we will not be pursuing your application further. However, we will retain your application details and contact you in the future as suitable openings arise.&nbsp;<br><br>Thank you once again for the interest shown in a career with PwC SDC, Shanghai and we wish you success for the future.<br><br>Campus Recruitment Team<br>PwC SDC, Shanghai&nbsp;</div><div><!--block--><br></div>','STATUS_TRASH');


INSERT INTO `candidate` (`national_id`, `name`, `gender`, `wechat_uid`, `current_province`, `birth_province`, `birthday`, `nationality`, `passport_number`, `home_phone`, `cell_phone`, `mail_address`, `personal_page`, `skills_describe`, `graduate_plan`, `available_schedule`, `language_level`, `opt_time`) VALUES ('310105101010100001', 'OwenChen', 'male', '3084226', 'Shanghai', 'Shanghai', '2016-4-6', 'China', 'E3084226', '3084226', '3084226', 'owen.chen@mail.com', 'http://www.owen.com', 'flush, watch movies, flying', 'nothing special', 'weekends', 'cet-8', '2016-4-26 12:51:59');
INSERT INTO `candidate` (`national_id`, `name`, `gender`, `wechat_uid`, `current_province`, `birth_province`, `birthday`, `nationality`, `passport_number`, `home_phone`, `cell_phone`, `mail_address`, `personal_page`, `skills_describe`, `graduate_plan`, `available_schedule`, `language_level`, `opt_time`) VALUES ('310105101010100002', 'RichardClayderman', 'male', '3847387', 'Beijing', 'Beijing', '2016-2-16', 'USA', 'E3847387', '3847387', '3847387', 'richard@mail.com', 'http://balabala', 'playing ball games, gambling', 'nothing special', 'sunday only', 'SPF-50', '2016-4-26 12:55:11');
INSERT INTO `candidate` (`national_id`, `name`, `gender`, `wechat_uid`, `current_province`, `birth_province`, `birthday`, `nationality`, `passport_number`, `home_phone`, `cell_phone`, `mail_address`, `personal_page`, `skills_describe`, `graduate_plan`, `available_schedule`, `language_level`, `opt_time`) VALUES ('310105101010100003', 'Ludwig van Beethoven', 'female', '8764309', 'Beethoven', 'Beethoven', '2016-1-12', 'Beethoven', 'A8764309', '8764309', '8764309', 'Beethoven@mail.com', 'Beethoven.com', 'sleeping, eating, coding', 'music', 'three days', 'DF-700', '2016-3-24 12:57:45');
INSERT INTO `education_experience` (`national_id`, `experience_id`, `university`, `major`, `degree`, `period`, `gpa`) VALUES ('310105101010100001', 1, 'JiaLi University', 'cooking', 'master', '1200-1333', '3.4');
INSERT INTO `education_experience` (`national_id`, `experience_id`, `university`, `major`, `degree`, `period`, `gpa`) VALUES ('310105101010100001', 2, 'pwc school', 'speaking', 'master', '5676-2344', 'S rank');
INSERT INTO `education_experience` (`national_id`, `experience_id`, `university`, `major`, `degree`, `period`, `gpa`) VALUES ('310105101010100002', 1, 'Centry Avenue', 'fishing', 'master', '76745234', '0.6');
INSERT INTO `education_experience` (`national_id`, `experience_id`, `university`, `major`, `degree`, `period`, `gpa`) VALUES ('310105101010100002', 2, 'A university', 'math', 'master', 'current', 'D');
INSERT INTO `education_experience` (`national_id`, `experience_id`, `university`, `major`, `degree`, `period`, `gpa`) VALUES ('310105101010100003', 2, 'B university', 'english', 'master', 'present', '2.03');
INSERT INTO `education_experience` (`national_id`, `experience_id`, `university`, `major`, `degree`, `period`, `gpa`) VALUES ('310105101010100003', 3, 'C university', 'flying', 'master', '1990-2000', '7.0');
INSERT INTO `work_experience` (`national_id`, `experience_id`, `company`, `position`, `period`, `details`) VALUES ('310105101010100001', 1, 'JiaLi Co.ltd', 'manager', '1200-1333', '3.4');
INSERT INTO `work_experience` (`national_id`, `experience_id`, `company`, `position`, `period`, `details`) VALUES ('310105101010100001', 2, 'pwc Co.ltd', 'director', '5676-2344', 'S rank');
INSERT INTO `work_experience` (`national_id`, `experience_id`, `company`, `position`, `period`, `details`) VALUES ('310105101010100002', 1, 'Centry Avenue Co.ltd', 'manager', '76745234', '0.6');
INSERT INTO `work_experience` (`national_id`, `experience_id`, `company`, `position`, `period`, `details`) VALUES ('310105101010100003', 1, 'A Co.ltd', 'director', 'current', 'D');
INSERT INTO `work_experience` (`national_id`, `experience_id`, `company`, `position`, `period`, `details`) VALUES ('310105101010100003', 2, 'B Co.ltd', 'manager', 'present', '2.03');
INSERT INTO `work_experience` (`national_id`, `experience_id`, `company`, `position`, `period`, `details`) VALUES ('310105101010100003', 3, 'C Co.ltd', 'director', '1990-2000', '7.0');
INSERT INTO `application` (`apply_date`, `apply_id`, `apply_position`, `national_id`, `status`, `result`, `round_1_score`, `round_2_score`, `round_3_score`) VALUES ('2016-4-15', 1001, 'HR', '310105101010100003', 0, 0, 12, 54, 75);
INSERT INTO `application` (`apply_date`, `apply_id`, `apply_position`, `national_id`, `status`, `result`, `round_1_score`, `round_2_score`, `round_3_score`) VALUES ('2016-4-6', 1002, 'HR', '310105101010100002', 1, 0, 65, 64, 75);
INSERT INTO `application` (`apply_date`, `apply_id`, `apply_position`, `national_id`, `status`, `result`, `round_1_score`, `round_2_score`, `round_3_score`) VALUES ('2016-4-20', 1003, 'HR', '310105101010100001', 1, 0, 45, 75, 32);
INSERT INTO `wechat`.`report_config` (`id`, `title`, `configuration`) VALUES ('1', 'Paper Test Attendance Sheet', '[\"ID_NUMBER\", \"CANDIDATE_NAME\", \"EDUCATION_EXPERIENCE_UNIVERSITY\", \"EDUCATION_EXPERIENCE_MAJOR\", \"EDUCATION_EXPERIENCE_DEGREE\", \"CANDIDATE_GRADUATE_PLAN\", \"BLANK_SIGNATURE\"]');
INSERT INTO `wechat`.`report_config` (`id`, `title`, `configuration`) VALUES ('2', 'Group Interview Attendance Sheet', '[\"ID_NUMBER\", \"BLANK_INTERVIEW_TIME\", \"CANDIDATE_NAME\", \"EDUCATION_EXPERIENCE_UNIVERSITY\", \"CANDIDATE_CELL_PHONE\", \"BLANK_SIGNATURE\"]');
INSERT INTO `wechat`.`report_config` (`id`, `title`, `configuration`) VALUES ('3', 'Final Interview Attendance Sheet', '[\"ID_NUMBER\", \"BLANK_INTERVIEW_TIME\", \"CANDIDATE_NAME\", \"EDUCATION_EXPERIENCE_UNIVERSITY\", \"CANDIDATE_CELL_PHONE\", \"BLANK_SIGNATURE\"]');
INSERT INTO `wechat`.`report_config` (`id`, `title`, `configuration`) VALUES ('4', 'Final Interview Evaluation Sheet', '[\"BLANK_INTERVIEW_TIME\", \"BLANK_MARK\", \"CANDIDATE_NAME\", \"CANDIDATE_NATIONALITY\", \"ID_NUMBER\", \"CANDIDATE_PASSPORT_NUMBER\", \"CANDIDATE_CURRENT_PROVINCE\", \"WORK_EXPERIENCE_POSITION\", \"BLANK_SIGNATURE\"]');
INSERT INTO `wechat`.`report_config` (`id`, `title`, `configuration`) VALUES ('5', 'Group Interview Evaluation Sheet', '[\"ID_NUMBER\", \"CANDIDATE_NAME\", \"EDUCATION_EXPERIENCE_UNIVERSITY\", \"EDUCATION_EXPERIENCE_MAJOR\"]');
INSERT INTO `wechat`.`questions`(`id`,`question`) VALUES ('1','Do you plan on enrolling in graduate studies abroad after completing your undergraduate studies?');
INSERT INTO `wechat`.`questions`(`id`,`question`) VALUES ('2','In terms of GPA, how about your ranking in your department? How many students are there in your department?');
INSERT INTO `wechat`.`questions`(`id`,`question`) VALUES ('3','Do you plan on obtaining a master\'s degree?');
INSERT INTO `wechat`.`questions`(`id`,`question`) VALUES ('4','What is your expected annual salary following graduation?');
INSERT INTO `wechat`.`questions`(`id`,`question`) VALUES ('5','What kind of job would you prefer to do after you graduate? And what is your career plan in 3-5 years?');
INSERT INTO `wechat`.`questions`(`id`,`question`) VALUES ('6','Do you have any interest in creating a start up? What is your opinion of undergraduates pursuing entreprenuership?');
INSERT INTO `wechat`.`questions`(`id`,`question`) VALUES ('7','Do you have any plans to take a national examination for admissions to civil service? Are you currently preparing for it? Or have you prepared for it?');
INSERT INTO `wechat`.`questions`(`id`,`question`) VALUES ('8','What kind of business do you prefer: state-owned enterprises, foreign enterprises, public institutions, or large private enterprises? Why?');
INSERT INTO `wechat`.`questions`(`id`,`question`) VALUES ('9','Are you interested in software development and IT consulting? Do you have any internship or project working experience? If so, please talk about your role and your contribution in these activities.(At least 200 words)');
INSERT INTO `wechat`.`questions`(`id`,`question`) VALUES ('10','What is your score of CET-4, CET-6 and how would your rank your oral English skills? Do you feel comfortable communicating with foreigners?');
INSERT INTO `wechat`.`questions`(`id`,`question`) VALUES ('101','你毕业之后有出国留学的打算吗？');
INSERT INTO `wechat`.`questions`(`id`,`question`) VALUES ('102','目前成绩在专业中排名多少？专业一共多少人？');
INSERT INTO `wechat`.`questions`(`id`,`question`) VALUES ('103','有在准备保研或考研吗？');
INSERT INTO `wechat`.`questions`(`id`,`question`) VALUES ('104','按照年薪计算，你毕业之后的期望薪水多少？');
INSERT INTO `wechat`.`questions`(`id`,`question`) VALUES ('105','你毕业之后想从事哪些方面的工作？3-5年的职业规划是怎样的？');
INSERT INTO `wechat`.`questions`(`id`,`question`) VALUES ('106','你如何看待大学毕业生创业？你有创业的打算吗？');
INSERT INTO `wechat`.`questions`(`id`,`question`) VALUES ('107','你有考公务员的计划，或正在准备/已经参加公务员考试吗？');
INSERT INTO `wechat`.`questions`(`id`,`question`) VALUES ('108','国企、外企、事业单位、大型民营企业，你更加倾向于哪类企业？为什么？');
INSERT INTO `wechat`.`questions`(`id`,`question`) VALUES ('109','你对软件开发和IT 咨询行业有兴趣吗？有过相关的实习或者项目经验吗？如有，请谈谈你在这些活动中担任的角色和贡献？（至少200字）');
INSERT INTO `wechat`.`questions`(`id`,`question`) VALUES ('110','你的英语四六级成绩、口语成绩如何？能够和外国人进行日常的交流吗？');